{
    "iterations": [
        1,
        2,
        3,
        4,
        5,
        6,
        7,
        8,
        9,
        10,
        11,
        12,
        13,
        14,
        15
    ],
    "best_feasible_values": [
        0.6314330427314209,
        0.6314330427314209,
        0.6314330427314209,
        1.270755378208722,
        1.270755378208722,
        1.270755378208722,
        1.270755378208722,
        7.2429561237875095,
        7.2429561237875095,
        8.270354106144683,
        8.270354106144683,
        8.270354106144683,
        8.270354106144683,
        8.270354106144683,
        8.270354106144683
    ],
    "theoretical_max": 10.900958638066902,
    "samples": [
        [
            0.2073395633633215,
            1.063711678733449
        ],
        [
            0.4521769466597987,
            0.05988272436262587
        ],
        [
            0.059987569609886826,
            0.8134308462655453
        ],
        [
            1.30266386487186,
            0.6289137914411227
        ],
        [
            0.3375754933479367,
            1.024887427476082
        ],
        [
            1.9434472252768995,
            0.376409741867622
        ],
        [
            0.032471992746137435,
            0.7464067507671166
        ],
        [
            1.964130425101514,
            1.7716230419401535
        ],
        [
            0.009007622696635353,
            0.8450259379897511
        ],
        [
            1.8925934657912744,
            1.0325682910064438
        ],
        [
            0.012881689854457479,
            1.8253125762604998
        ],
        [
            1.8505578640619973,
            0.6628766803493562
        ],
        [
            1.4086696169657131,
            0.11598842562725253
        ],
        [
            1.7029920782348766,
            0.02486318861813719
        ],
        [
            1.4913165326303746,
            0.09766136647983203
        ],
        [
            1.8790979028768844,
            1.2997694129471546
        ],
        [
            1.6125354647630774,
            0.8902243770067813
        ],
        [
            1.2458231855072308,
            1.237545557495096
        ],
        [
            1.9492977537262548,
            1.9805834097160904
        ],
        [
            1.4680963127206932,
            0.003903624415663831
        ]
    ],
    "objective_values": [
        -4.14996124069637,
        -9.429280019797716,
        0.6314330427314209,
        -4.8565244682813065,
        -7.227541392156348,
        -0.8539773545456097,
        1.2608109152628098,
        0.4201022877546092,
        1.270755378208722,
        4.177680615407093,
        -0.48205846964791443,
        -1.6106857052540604,
        7.2429561237875095,
        8.061246151710836,
        8.270354106144683,
        -0.3606577095380328,
        8.207244760063517,
        1.4892950857601068,
        1.7477189081233522,
        10.016894714504843
    ],
    "constraint_values": [
        [
            0.31880291281763024
        ],
        [
            0.6826198680903686
        ],
        [
            -0.25909346077908135
        ],
        [
            0.8166983150290005
        ],
        [
            0.6361921707939404
        ],
        [
            0.9515208099404981
        ],
        [
            0.007977195150292493
        ],
        [
            1.083620850753881
        ],
        [
            -0.039363502989874344
        ],
        [
            1.0750976509443306
        ],
        [
            0.9380175543520384
        ],
        [
            1.011282192152811
        ],
        [
            -0.2699705609222104
        ],
        [
            0.5517593412159489
        ],
        [
            -0.3962595493465555
        ],
        [
            1.1097487193960287
        ],
        [
            -0.17399660806813388
        ],
        [
            1.2597192329215292
        ],
        [
            0.8209275246636841
        ],
        [
            0.004041861080515241
        ]
    ]
}