{
    "iterations": [
        1,
        2,
        3,
        4,
        5,
        6,
        7,
        8,
        9,
        10,
        11,
        12,
        13,
        14,
        15
    ],
    "best_feasible_values": [
        -4.676818274063702,
        -4.676818274063702,
        -4.676818274063702,
        -4.676818274063702,
        9.315839210535147,
        9.315839210535147,
        9.315839210535147,
        9.315839210535147,
        9.315839210535147,
        9.315839210535147,
        9.315839210535147,
        9.315839210535147,
        9.315839210535147,
        9.315839210535147,
        9.315839210535147
    ],
    "theoretical_max": 10.852843194161471,
    "samples": [
        [
            1.3874486569057678,
            0.3072073857328774
        ],
        [
            0.31197040471534865,
            1.1885071295601408
        ],
        [
            1.2514353833137075,
            0.13753273393187881
        ],
        [
            1.9621915585862855,
            1.089874327086992
        ],
        [
            0.14518463042137775,
            0.03437609609154646
        ],
        [
            0.6860890410018872,
            1.979561611081644
        ],
        [
            1.9744120450782339,
            0.11875412968888455
        ],
        [
            0.40822087331595447,
            0.29461460445289167
        ],
        [
            1.6255013369963853,
            1.9454782679057823
        ],
        [
            1.4176646872278702,
            0.046778590613940185
        ],
        [
            1.961361505577177,
            1.7386100916501086
        ],
        [
            0.05792556507363322,
            0.7070264184691624
        ],
        [
            1.4280878505920476,
            1.3321827484172797
        ],
        [
            1.3240585961845608,
            0.32070541614768944
        ],
        [
            1.2831562298356238,
            1.8246446979721813
        ],
        [
            0.625865451987728,
            0.3362777087786082
        ],
        [
            0.5975117191681978,
            1.417566432266175
        ],
        [
            0.8635924357418401,
            0.9023964647127649
        ],
        [
            1.5593906087587914,
            1.8170995077988936
        ],
        [
            0.7617263794377471,
            0.02032986745907528
        ]
    ],
    "objective_values": [
        -3.034427439761971,
        -1.8698608948364488,
        4.676119663526685,
        1.9110819029508477,
        -4.676818274063702,
        -8.428717498401767,
        0.792665514217328,
        2.7120850133307366,
        8.80913798398441,
        9.315839210535147,
        0.20787003831052675,
        1.6209520094920709,
        -4.015438649625867,
        -3.3832820912122914,
        3.6125441463757273,
        4.951456745758534,
        9.023828613215171,
        -2.2291348590752635,
        4.186264892823729,
        -6.882264147989362
    ],
    "constraint_values": [
        [
            0.1340251934581312
        ],
        [
            0.8894530253418591
        ],
        [
            0.3674687884283157
        ],
        [
            1.0490850826155
        ],
        [
            -0.1489614596400598
        ],
        [
            0.5047036195078947
        ],
        [
            0.16953235995564053
        ],
        [
            0.645885716903613
        ],
        [
            0.5566121882941708
        ],
        [
            -0.07023002715764526
        ],
        [
            0.991719988179006
        ],
        [
            0.054753587870506215
        ],
        [
            0.11593102454060944
        ],
        [
            0.48428325808734435
        ],
        [
            1.2260630567072095
        ],
        [
            0.7014407537700157
        ],
        [
            0.4467584653243194
        ],
        [
            -0.3775727526815553
        ],
        [
            0.570463422884324
        ],
        [
            0.014391789220807027
        ]
    ]
}