{
    "iterations": [
        1,
        2,
        3,
        4,
        5,
        6,
        7,
        8,
        9,
        10,
        11,
        12,
        13,
        14,
        15
    ],
    "best_feasible_values": [
        9.352336322936404,
        9.352336322936404,
        9.352336322936404,
        9.352336322936404,
        9.352336322936404,
        9.352336322936404,
        9.352336322936404,
        9.352336322936404,
        9.352336322936404,
        9.352336322936404,
        9.352336322936404,
        9.352336322936404,
        9.352336322936404,
        9.352336322936404,
        9.352336322936404
    ],
    "theoretical_max": 10.648867759149946,
    "samples": [
        [
            0.961341895435794,
            0.709212835740342
        ],
        [
            1.5881141028618078,
            0.7729117252208022
        ],
        [
            1.6276587222524934,
            0.33098934403675684
        ],
        [
            1.5284605562290505,
            0.06003709476621144
        ],
        [
            0.7537916090317014,
            0.4257076165880811
        ],
        [
            1.2238261960033436,
            1.9843398395325584
        ],
        [
            1.8968035308690256,
            1.4122429376114043
        ],
        [
            0.5922511961102026,
            0.004500960444067337
        ],
        [
            0.8615170948864312,
            1.038315866798396
        ],
        [
            0.2277000851609221,
            0.8944936067902307
        ],
        [
            0.5017365549602797,
            1.5084096834264538
        ],
        [
            0.21304309365532537,
            1.6819804236083902
        ],
        [
            1.1617628786649632,
            0.2697011790903854
        ],
        [
            0.16019361010731203,
            1.4824214970193672
        ],
        [
            1.8726593154111617,
            0.8673951545399552
        ],
        [
            1.0785163072817476,
            0.008252580395208708
        ],
        [
            1.5916705287134616,
            1.0005380273526518
        ],
        [
            1.406855157266137,
            0.2925911976845865
        ],
        [
            1.0879089989946664,
            0.1988146153266086
        ],
        [
            0.5942986286716267,
            0.04159828508987751
        ]
    ],
    "objective_values": [
        1.2348798719963339,
        2.271778430753339,
        -4.159733540980835,
        9.352336322936404,
        6.63025717461747,
        6.443461712852431,
        -2.057962310339465,
        -9.772753454405741,
        -2.8977597988827153,
        -3.7757931740749235,
        10.5153390130648,
        2.6352195905657956,
        -0.42114064943137297,
        5.394426598393703,
        3.5277942584920536,
        2.4054583174864668,
        10.58931166012512,
        -2.2819769598016775,
        0.9410494984903303,
        -9.426148072198368
    ],
    "constraint_values": [
        [
            0.12666758880579687
        ],
        [
            -0.2583657122631051
        ],
        [
            0.3092474750677211
        ],
        [
            -0.25018113823992805
        ],
        [
            0.5164008989845439
        ],
        [
            1.0027132247820687
        ],
        [
            0.5746675879549084
        ],
        [
            0.8014206303569372
        ],
        [
            0.19419620556895145
        ],
        [
            -0.338743634897098
        ],
        [
            0.5015027258131126
        ],
        [
            0.11891991940309815
        ],
        [
            0.7172608547579162
        ],
        [
            -0.4922235762341527
        ],
        [
            0.4915918767231846
        ],
        [
            0.7982933285019007
        ],
        [
            0.17782519833551785
        ],
        [
            -0.0067052844713343385
        ],
        [
            0.3912421052806411
        ],
        [
            0.6241499418085931
        ]
    ]
}