{
    "iterations": [
        1,
        2,
        3,
        4,
        5,
        6,
        7,
        8,
        9,
        10,
        11,
        12,
        13,
        14,
        15
    ],
    "best_feasible_values": [
        0.7802493869713634,
        0.7802493869713634,
        0.7802493869713634,
        0.7802493869713634,
        0.7802493869713634,
        0.8297453466367437,
        0.8297453466367437,
        0.8297453466367437,
        0.8297453466367437,
        0.8297453466367437,
        0.8297453466367437,
        0.8694162459026202,
        0.8694162459026202,
        0.8694162459026202,
        0.8694162459026202
    ],
    "theoretical_max": 0.9787956113585697,
    "samples": [
        [
            0.6444547213125182,
            0.989414684093316
        ],
        [
            1.5153244702065838,
            1.6466492192845361
        ],
        [
            0.9279731433135352,
            0.5194155939104075
        ],
        [
            1.2288096833696711,
            0.6114782711854341
        ],
        [
            1.523199457171765,
            0.28946970907802383
        ],
        [
            0.16675079928099112,
            0.8056577515757064
        ],
        [
            0.08090774783030841,
            1.4990560295773148
        ],
        [
            0.5396579041006782,
            0.9768749974367408
        ],
        [
            1.2092905849737363,
            1.1286013592469277
        ],
        [
            1.5476788494933442,
            1.719200379924806
        ],
        [
            0.6878992946943681,
            1.1206799915342567
        ],
        [
            1.5042748210561636,
            0.30878558416467294
        ],
        [
            1.2722908057251976,
            1.6374248711343207
        ],
        [
            0.006357097490480967,
            0.8066579044114293
        ],
        [
            1.2536718951304562,
            0.9731063237945248
        ],
        [
            1.4350246911151248,
            1.4842208533854462
        ],
        [
            0.7671299076111571,
            1.2406458520199688
        ],
        [
            1.0508962161572908,
            1.0643358308219335
        ],
        [
            1.6555679830227343,
            0.5472746982999357
        ],
        [
            1.8767864271215007,
            1.5536827841983827
        ]
    ],
    "objective_values": [
        0.7802493869713634,
        0.5286802155032277,
        0.6333285079841695,
        0.7447545859462328,
        0.16394286694745996,
        0.042408570149862324,
        -0.1977947331743053,
        0.6708569693069525,
        0.9872375302853267,
        0.4161745372172918,
        0.8297453466367437,
        0.21054161723436893,
        0.6814903861488212,
        -0.28210438325373977,
        0.9602829435860741,
        0.7401327921669749,
        0.8694162459026202,
        0.9963168854491667,
        0.38583895710062366,
        0.1907747779618174
    ],
    "constraint_values": [
        [
            -0.7534024314292105
        ],
        [
            4.190954201296011
        ],
        [
            -0.9310980724406996
        ],
        [
            0.22937541254542992
        ],
        [
            1.6178235013334255
        ],
        [
            -1.34627894310541
        ],
        [
            0.24769860707990476
        ],
        [
            -0.8885503153277707
        ],
        [
            1.0421878909860647
        ],
        [
            4.662820294540607
        ],
        [
            -0.41855866840018985
        ],
        [
            1.4992858906632889
        ],
        [
            2.740647736376646
        ],
        [
            -1.3493027683431609
        ],
        [
            0.9173235358923204
        ],
        [
            3.1580519529334143
        ],
        [
            -0.009350898375826366
        ],
        [
            0.2934025265222102
        ],
        [
            2.8372647314114605
        ],
        [
            7.024586249348044
        ]
    ]
}